<?xml version="1.0" encoding="UTF-8"?>
<!DOCTYPE suite SYSTEM "https://testng.org/testng-1.0.dtd">
<suite name="Regression Suite">
<parameter name="invalidEmailId" value="GSS@#$@gmail.com"></parameter>
<parameter name="invalidPhoneNumber" value="1234567891"></parameter>
<parameter name="validUsername" value="validuser@gmail.com"></parameter>
<parameter name="validPassword" value="validPassword"></parameter>
<parameter name="pincode" value="560078"></parameter>
<parameter name="mobilePrice" value="16,999.00"></parameter>
  <test thread-count="5" name="Regression Test">
    <packages>
      <package name="test"/>
    </packages>
  </test> <!-- Test -->
</suite> <!-- Suite -->
